common;headerText_homepage,tracking,trackingTab;Label_Tracking;Tracking;Tracking;跟踪;Rastrear;Tracking
common;homepageSearchDescription;Label_EnterAContainerBillOfLadingOr;Enter a Container, Bill of lading or Booking Number;Saisir un numéro de conteneur,  de connaissement ou de booking;输入货柜号, 提单号或订舱号;Digite um Container, conhecimento de Embarque ou Número de Reserva;Insertar número de contenedor, B/L o Booking
common;homepagePreviousTab;Label_PreviousSearches;Previous searches;Recherches précédentes;上一个搜索;Pesquisas Anteriores;Búsquedas anteriores
common;homepageBookmarkTab, bookmarks,bookmarks_android;Label_Bookmarks;Bookmarks;Favoris;书签;Bookmarks;Favoritos
common;voyage;Label_Voyage;Voyage;Voyage;航次;Viagem;Viaje
common;routing;Label_Schedule;Schedule;Horaire;时间表;Programação;Schedule
common;labelMoreHeader,more;PageAction_More;More;Autres…;更多;Mais;Más
common;homepageCancelButton, helpPageBack,vd_fastsearch_page_cancel;Label_Cancel;Cancel;Annuler;取消;cancelar;cancelar
common;bl;Label_BillOfLading;Bill of lading;Connaissement;提单;Conhecimento de embarque;B/L
common;booking;Label_Booking;Booking;Booking;订舱;Reserva;Booking
common;container;Label_Container;Container;Conteneur;集装箱;Container;Contenedor
common;multipleSearchDescription;MsgInf_LaunchMultipleSearchWithComma;To launch a multiple search, fill out the field with container references separated by commas;Pour lancer une recherche avec plusieurs conteneurs, séparez les références par des virgules;可搜索多个集装箱, 请用逗号分隔每个集装箱号。;É possivel realizar busca por multiplos containers separando-os por vírgula;Para búsquedas múltiples, rellenar el campo con las referencias de cada contenedor separadas por comas
common;helpPageOk;Label_Ok;Ok;Ok;确认;Ok;Ok
common;labelSettingsHelp;Label_Help;Help;Aide;支援;Ajuda;Ayuda
common;labelSettings, labelSettingsHeader,settingsLanguageHeader,setting_android;Label_Settings;Settings;Paramètres;设定;Informações;Parámetros
msg;ER_TEXT_6;MsgWrn_PleaseEnterASearchNumber;Please enter a search number;Merci d'entrer un numéro afin d'effectuer une recherche;请输入一个搜索号码;Por favor insira um número para pesquisa;Insertar número de búsqueda.
msg;ER_TEXT_7;MsgErr_ReferenceIsNotValid;Reference is not valid. Please check it;La référence n'est pas valide. Merci de vérifier.;参考号码是无效的。请检查;Referência não é valida. Por favor verificar;Referencia no válida. Por favor comprobar
msg;TODO;MsgErr_ContainerNotFoundOrAlreadyUnst;Container not found or already unstuffed or returned to the depot, please contact Customer Service for further information.;Conteneur non trouvé, déjà vidé ou retourné au dépôt,  merci de contacter le service client pour plus d'informations.;货柜未找到或已经卸货或返回到堆场，请联系客户服务进一步的信息。;Container não encontrado ou já desovado ou devolvidos ao terminal de vazios, por favor, entre em contato com o atendimento ao cliente para mais informações.;Contenedor no encontrado, vaciado o retornado al depot. Por favor contacte con el equipo de Customer Service para más información.
msg;TODO;MsgWrn_BookingNotFound;Booking not found or Container already unstuffed and returned. Please contact {0} for further information.;Booking non trouvé ou conteneur déjà vidé ou retourné au dépôt. Merci de contacter votre Support Client pour plus d'informations.;订舱号不存在或集装箱已拆箱并返还,请联系客户服务了解更多详情;A Reserva não foí encontrada ou o container já foí desovado e devolvido. Por favor contate o Customer Service para mais informaҫões.;Booking no encontrado, o el contenedor ya ha sido vaciado y devuelto. Por favor contacte con customer service para obtener más información.
msg;ER_TEXT_8;MsgWrn_MaxOfThreeContainersRef;Maximum of three containers references can be filled out. Please amend your search criteria.;Vous pouvez entrer jusqu'à 3 références de conteneurs.;最多可以输入三个集装箱参考号。请修改您的搜索条件。;Um máximo de três containers podem ser inseridos. Por favor corrija seu criterio de busca;Un máximo de 3 números de contenedor pueden ser introducidos. Por favor corregir el criterio de búsqueda.
msg;TODO;MsgWrn_BLReferenceNotFound;BL reference not found or over 100 days, please contact {0} for further information.;La référence du B/L n' a pas été trouvée ou date de plus de 100 jours. Merci de contacter le support client pour plus d'information;提单号不存在或超过100天。请联系客户服务了解更多详情;O B/L informado não foí encontrado ou tem mais de 100 dias. Por favor contate o Customer Service para mais informaҫões.;B/L no encontrado, o de más de 100 días de antigüedad. Por favor contacte con customer service para obtener más información.
msg;TODO;Label_CMACGMApplicationIsNotAvailable;CMA CGM Application is not available now. Please try later or consult our website www.cma-cgm.com;L'application CMA CGM n'est pas disponible actuellement. Merci d'essayer ultérieurement ou consultez notre site web cma-cgm.com;CMA CGM 应用程序无法使用。请稍后再试或者查询我们网站www.cma-cgm.com;O aplicativo da CMA CGM não está disponível agora. Por favor tente mais tarde ou consulte o nosso website www.cma-cgm.com;La aplicación de CMA CGM no está disponible en este momento. Gracias por intentarlo más tarde o consultar nuestra página web www.cma-cgm.com
msg;TODO;Label_NoResultsPleaseTryANewSearch;No results. Please try a new search.;Pas de résultats. Merci d'essayer une nouvelle recherche.;没有结果。请尝试一个新的搜索。;Sem resultados. Por favor, tente uma nova pesquisa.;No se han encontrado resultados. Gracias por intentar una nueva búsqueda.
msg;ER_TEXT_15;Label_NoNetworkDetected;No network detected. Please verify your network connection.;Pas de réseau détecté. Merci de vérifier votre connexion réseau.;寻找不到网络。请检查您的网络连接。;Sem rede detectada. Por favor, verifique sua conexão de rede.;No se ha detectado ninguna conexión. Gracias por verificar si dispone de alguna conexión.
msg;headerText_containerresults_fast;Label_TrackingSearch;Tracking Search;Tracking recherche;追踪搜寻;Pesquisa de Rastreamento;Búsqueda en el Tracking
msg;headerText_containerresult;Label_TrackingResult;Tracking Result;Résultat Tracking;追踪结果;Resultado do Rastreamento;Resultados del Tracking
container-status;ETA_DISCHARGE;Status_DischargeStatus;Discharge;Déchargement;卸货;Descarga;Descarga
container-status;ETA_FINAL_DISCHARGE;Status_ArrivalFinalPortOfDischarge;Arrival final port of discharge;Arrivée au port de déchargement;到达最终卸货港;Chegada Porto Final de Descarga;Llegada al POD final
container-status;ETA_LOAD;Label_Departure;Departure;Départ;离港时间;Saída;Salida
container-status;FCR;Status_OffhireFull;Off hire Full;Sortie de flotte plein;停租用整集装箱;On Hire Cheio;Restituido lleno
container-status;FDF;Status_DIInFull;DI in full;DI in full;全集装箱已交付收货人;DI in full;Intercambio directo lleno
container-status;FRO;Status_ReturnAfterSLOutFull;Return after SL out full;Retour en flotte;整柜集装箱转租后还柜;Retorno após saída do Sublease cheio;Devuelto vacío después del sublease
container-status;FSO;Status_SubleaseOutFull;Sublease out full;Sortie de flotte;转租整柜集装箱;Saida do Subleasing Cheio;Entregado para sublease
container-status;IDF;Status_DischargedStatus;Discharged;Déchargé;已卸货;Descarregado;Descargado
container-status;IFC;Status_ContainerToConsignee;Container to consignee;Le conteneur au destinataire;集装箱已交付收货人;Container para o consignatário;Contenedor entregándose al consignee
container-status;IFP;Status_ImportFullQuayUnstuffing;Import Full Quay Unstuffing;Plein à quai pour dépotage;进口集装箱整柜码头拆箱;Cheio de Importação Desovado no Cais;Vaciado en muelle
container-status;IIT;Status_ReceivedForExportTransfer;Received for export transfer;Réceptionné pour transfert à l'Export;已收到作出口转移;Recebido para Tranferência de Exportação;Recibido para transfer Export
container-status;IRI;Status_ReceivedForImportTransfer;Received for import transfer;Réceptionné pour transfert à l'Import;已收到作进口转移;Recebido para Tranferência de Importação;Recibido para transfer Import
container-status;MCR;Status_OffhireEmpty;Off hire empty;Sortie de flotte vide;停租用空集装箱;On Hire Vazio;Restituido vacío
container-status;MEA;Status_EmptyInDepot;Empty in depot;Vide au dépôt;空集装箱在堆场;Vazio no Depot.;Vacío en depot
container-status;MED;Status_EmptyInDepot;Empty in depot;Vide au dépôt;空集装箱在堆场;Vazio no Depot.;Vacío en depot
container-status;MEI;Status_EmptyInDepot;Empty in depot;Vide au dépôt;空集装箱在堆场;Vazio no Depot.;Vacío en depot
container-status;MES;Status_EmptyForQuayStuffing;Empty for quay stuffing;Vide pour chargement à quai;空集装箱码头装箱;Estufagem de Vazios no Cais;Llenado en muelle
container-status;MOH;Status_OnHiredEmpty;On Hired empty;Entrée dans la flotte vide;在租空集装箱;On Hire Vazio;On Hire vacío
container-status;MOS;Status_EmptyDeliveredToShipper;Empty to shipper;Livré vide au Chargeur;空集装箱已交付托运人;Vazio entregue para o Shipper;Vacío entregado al embarcador
container-status;MSF;Status_InShipperSOwnedFull;In shipper's owned full;Conteneur client plein;托运人自有整集装箱进堆场;Entrada Container Próprio Cheio;SOC lleno
container-status;MSO;Status_InShipperSOwnedEmpty;In shipper's owned empty;Conteneur client vide;托运人自有空集装箱进堆场;Entrada Container Próprio Vazio;SOC vacío
container-status;PSE;Status_ContainerOnRailForExport;Container on rail for export;Le container est sur rail pour l'Export;集装箱出口上轨;Container está no ferrovia para Exportaҫão;Contenedor en el tren para Export
container-status;PSI;Status_ContainerOnRailForImport;Container on rail for import;Le container est sur rail pour l'Import;集装箱进口上轨;Container está no ferrovia para Importação;Contenedor en el tren para Import
container-status;RSF;Status_OutShippersOwnedFull;Out shipper's owned full;SOC plein;托运人自有整柜出集装箱出堆场;Saída Container Próprio Cheio;SOC entregado lleno
container-status;RSM;Status_OutShippersOwnedEmpty;Out shipper's owned empty;SOC vide;托运人自有空柜出集装箱出堆场;Saída Container Próprio Cheio;SOC entregado vacío
container-status;TAF;Status_ContainerInTransitForImport;Container in transit for import;Le container est en transit pour l'Import;集装箱中转进口;Container está em transito para Importaҫão;Contenedor en tránsito para Import
container-status;TDF;Status_DischargedInTranshipment;Discharged in transhipment;Déchargé, en transbordement;转运港卸货;Descarregado no Transbordo;Descargado en transbordo
container-status;TOF;Status_LoadedOnBoard;Loaded on board;Chargé à bord;装船;Carregado a bordo;Cargado
container-status;TPF;Status_ContainerInTransitForExport;Container in transit for export;Le container est en transit pour l'Export;集装箱中转出口;Container está em transito para Exportaҫão;Contenedor en tránsito para Export
container-status;XOF;Status_LoadedOnBoard;Loaded on board;Chargé à bord;装船;Carregado a bordo;Cargado
container-status;XRX;Status_ReadyToBeLoaded;Ready to be loaded;Prêt pour chargement;准备载货;Pronto para ser Emabacado;Listo para ser cargado
container-status;FAS;Status_FullAtShipperSpremises;Full at shipper’s premises;Plein chez le chargeur;集装箱整柜在托运人处;Cheio nas instalaҫões do Shipper;Lleno en almacén del embarcador
container-status;MAS;Status_EmptyAtShippersYard;Empty at shipper’s premises;Vide chez le chargeur;空集装箱在托运人处;Vazio no patio do shipper;Vacío en casa del embarcador
container-status;FAC;Status_FullAtCEEsPremises;Full at consignee's premises;Plein chez le réceptionnaire;集装箱整柜在收货人处;Cheio nas instalaҫões do CEE;Lleno en almacén del consignee
container-status;MAC;Status_EmptyAtConsigneesYard;Empty at consignee’s premises;Vide chez le receptionnaire;空集装箱在收货人处;Vazio no Pátio do destinatário;Vacío en casa del consignee
container-status;MEF;Status_EmptyInDepot;Empty in depot;Vide au dépôt;空集装箱在堆场;Vazio no Depot.;Vacío en depot
container-status;MEM;Status_EmptyInDepot;Empty in depot;Vide au dépôt;空集装箱在堆场;Vazio no Depot.;Vacío en depot
container-status;MEG;Status_EmptyInDepot;Empty in depot;Vide au dépôt;空集装箱在堆场;Vazio no Depot.;Vacío en depot
msg;ER_TEXT_1;MsgWrn_NotFoundOrAlreadyUnstuffed;not found or already unstuffed or returned to the depot;non trouvé, déjà vidé ou retourné au dépôt;未找到或已经卸货或返回到堆场;Não encontrado ou já desovado ou devolvido ao Terminal de vazios;Contenedor no encontrado.
container-tracking;Not required;Label_TrackingDetail;Tracking Detail;Détails Tracking;追踪详细信息;Detalhes do Rastreamento;Detalles del tracking
container-tracking;pastMoves;Label_PastMove;Past move;Mouvement effectué;过去的移动;Movimentação passada;Movimiento realizado
container-tracking;provisionalMoves;Label_ProvisionalMove;Provisional move;Mouvements prévisionnels;临时线路;Movimentaҫão Provisoria;Movimiento provisional
msg;ER_TEXT_PR;Label_TimesReflectedAreLocalTimesProvisionalMoves;Times reflected are local times. Provisional moves are given for information purpose only, without warranty of any kind either expressed or implied, and are subject to change at any time without further notice.;Les heures affichées sont les heures locales. Les mouvements prévisionnels sont donnés à titre indicatif exclusivement, sans garantie, et peuvent subir des changements, à tout moment, sans préavis.;所有时间均为当地时间。 暂定的箱柜移动仅供信息参考， 无任何形式包括明示或暗示的担保，如有更改，恕不另行通知;A hora reflete o horário local. Os movimentos provisórios são dadas apenas para informação, sem qualquer tipo de garantia, expressa ou implícita, e estão sujeitas a alterações a qualquer momento sem aviso prévio.;Las horas proporcionadas son horas locales. Los movimientos provisionales se muestran con un propósito meramente informativo, y pueden estar sujetos a cambios en cualquier momento.
container-tracking;customerNumber_label;Label_CustomsNumber;Custom number;Numéro Douanes;海关参考编号;Custom number;Número personalizado
help;labelCountryHeader,help_country;Label_Country;Country;Pays;国家;País;País
help;helpPageDescription;Label_YouCanontactOurCustomerSupportTeam;You can contact our customer support team for personalized support - tailor made solutions to your requests.;Pour trouver la solution sur-mesure à vos demandes, vous pouvez contacter notre service client.;您可以联系我们的联系客服团队得到个人化支持 - 量身定制的解决方案，满足您的要求。;Você pode contatar a nossa equipe de suporte ao cliente para obter ajuda personalizada - soluções sob medida para seus pedidos.;Puede contactar nuestro equipo de Soporte para una ayuda personalizada. Soluciones a medida para sus demandas.
help;headerTextHelp;Label_Help;Help;Aide;支援;Ajuda;Ayuda
help;helpPageInputName;Label_Name;Name;Nom;名字;Nome;Nombre
help;staticSubtopicTxt;Label_Sub-topic;Sub-Topic;Sous-catégorie;次主题;Sub-Tópico;Apartado
help;helpPageInputEmail;Label_Email;Email;eMail;邮件;Email;Email
help;staticTopicTxt;Label_Topic;Topic;Catégorie;主题;Tópico;Tema
help;helpPageInputReference;Label_Reference;Reference;Référence;参考号;Referência;Referencia
help;helpPageInputMessage;Label_Message;Message;Message;信息;Mensagem;Mensaje
help;helpPageInputSubject;Label_SubjectColumnTitle;Subject;Objet;主题;assunto;Asunto
msg;ER_TEXT_13;MsgErr_SomeMandatoryFieldsAreMissing;Some mandatory fields are missing;Des champs obligatoires sont manquants;有一些必填项缺失;Há informações obrigatórias faltando;Hay campos obligatorios pendientes de rellenar.
msg;ER_TEXT_12;MsgErr_ProblemWithTheContactSystem;Problem with the Contact system. Please try again;Problème avec le système Contact. Merci d'essayer à nouveau.;联络系统出现问题。请再试一次;Problema com o sistema de contato. Por favor, tente novamente mais tarde.;Se han encontrado problemas con el sistema de contacto. Gracias por intentarlo de nuevo más tarde.
settings;labelSettingsLegelTerm;Label_LegalTermsText;By accessing this CMA CGM Mobile Device Application (“Application”) on your mobile device, you accept, without limitation, the following legal conditions.<BR>CMA CGM may, at any time and without prior notice, modify these legal terms.<BR>By accessing this Application, you accept these modifications. You are therefore advised to check the legal terms regularly to be aware of the latest modifications.<BR>• CMA CGM may, at any time and without prior notice, change or update the Information contained in this Application as well as its services detailed therein. You should check this Application regularly, or contact our local office.<BR>• Unless otherwise specified, or in the case of press releases, all information, articles and pictures are protected by copyright and cannot be used without prior written agreement from CMA CGM.<BR>• In no case or no event, shall CMA CGM or any third party connected with CMA CGM, be liable for any direct or indirect damage, connected with or derived from accessing this Application and/or using the information contained therein.<BR>• By offering this service, CMA CGM intends to update it regularly. However no representation is made or warranty given (either express or implied) as to the completeness or accuracy of the information it contains.<BR>• By giving information through this Application, you agree that this information can be given to an interested party solely for sales purposes, and that CMA CGM will not be liable for any direct or indirect loss arising from wrong or unjustified transferal of information to a third party, nor for the unauthorized access of any third party to this information. Equally, CMA CGM will not be liable for any inaccurate or confidential information provided in the framework of this service.<BR>• Any data, comment and/or suggestion that each User contributes to this Application will become the property of CMA CGM and may be used, without restriction, within the scope of the CMA CGM Group's activities. These comments and/or suggestions will not be treated as confidential.<BR>• CMA CGM measures use of this Application. We record your IP address, your device manufacturer and model, and your device operating system version. This data doesn’t allow identifying personals. Only forms you decide to fill are transmitted to CMA CGM.<BR>• In no case or no event, shall CMA CGM, its subsidiaries, affiliates, partners, agents, representatives, and any person involved in the elaboration of this Application, be liable for any decision made or action taken after consulting this Application, or for any direct or indirect loss, including but not limited to sales, loss of profit or information, incurred from accessing this Application and/or acting on the information contained therein.<BR>• CMA CGM will not be liable for any damage resulting from a virus on your mobile devise. Nor will it be liable for any damage resulting from unauthorized access by any third party to any information, data or access code contained in this Application.<BR>• Password protected areas of this Application are available exclusively to authorized people. Any unauthorized person accessing these areas will be prosecuted.<BR>• This Application is protected by French law. Any dispute arising in relation to its use will take place under French jurisdiction.<BR>• CMA CGM complies with the Office of Foreign Assets Control (OFAC) of the US Department of the Treasury program’s regarding economic and trade exchange involving an American entity. All details are available on the OFAC’s web site: http://www.treas.gov/offices/enforcement/ofac/.For any details, please contact CMA CGM Group’s Data Protection Officer: ho.dpo@cma-cgm.com.<BR>• This Application and its use are protected by French law, particularly articles 38, 39 and 40 of the Law 78-17 of the 6th January 1978 concerning data protection and privacy.<BR>Any dispute arising out of or related to the use of this Application shall be subject to the exclusive jurisdiction of French courts.<BR>CMA CGM Marseille Head Office, 4, quai d'Arenc 13235 Marseille cedex 02 France, Registration Number 562 024 422 Marseille;By accessing this CMA CGM Mobile Device Application (“Application”) on your mobile device, you accept, without limitation, the following legal conditions.<BR>CMA CGM may, at any time and without prior notice, modify these legal terms.<BR>By accessing this Application, you accept these modifications. You are therefore advised to check the legal terms regularly to be aware of the latest modifications.<BR>• CMA CGM may, at any time and without prior notice, change or update the Information contained in this Application as well as its services detailed therein. You should check this Application regularly, or contact our local office.<BR>• Unless otherwise specified, or in the case of press releases, all information, articles and pictures are protected by copyright and cannot be used without prior written agreement from CMA CGM.<BR>• In no case or no event, shall CMA CGM or any third party connected with CMA CGM, be liable for any direct or indirect damage, connected with or derived from accessing this Application and/or using the information contained therein.<BR>• By offering this service, CMA CGM intends to update it regularly. However no representation is made or warranty given (either express or implied) as to the completeness or accuracy of the information it contains.<BR>• By giving information through this Application, you agree that this information can be given to an interested party solely for sales purposes, and that CMA CGM will not be liable for any direct or indirect loss arising from wrong or unjustified transferal of information to a third party, nor for the unauthorized access of any third party to this information. Equally, CMA CGM will not be liable for any inaccurate or confidential information provided in the framework of this service.<BR>• Any data, comment and/or suggestion that each User contributes to this Application will become the property of CMA CGM and may be used, without restriction, within the scope of the CMA CGM Group's activities. These comments and/or suggestions will not be treated as confidential.<BR>• CMA CGM measures use of this Application. We record your IP address, your device manufacturer and model, and your device operating system version. This data doesn’t allow identifying personals. Only forms you decide to fill are transmitted to CMA CGM.<BR>• In no case or no event, shall CMA CGM, its subsidiaries, affiliates, partners, agents, representatives, and any person involved in the elaboration of this Application, be liable for any decision made or action taken after consulting this Application, or for any direct or indirect loss, including but not limited to sales, loss of profit or information, incurred from accessing this Application and/or acting on the information contained therein.<BR>• CMA CGM will not be liable for any damage resulting from a virus on your mobile devise. Nor will it be liable for any damage resulting from unauthorized access by any third party to any information, data or access code contained in this Application.<BR>• Password protected areas of this Application are available exclusively to authorized people. Any unauthorized person accessing these areas will be prosecuted.<BR>• This Application is protected by French law. Any dispute arising in relation to its use will take place under French jurisdiction.<BR>• CMA CGM complies with the Office of Foreign Assets Control (OFAC) of the US Department of the Treasury program’s regarding economic and trade exchange involving an American entity. All details are available on the OFAC’s web site: http://www.treas.gov/offices/enforcement/ofac/.For any details, please contact CMA CGM Group’s Data Protection Officer: ho.dpo@cma-cgm.com.<BR>• This Application and its use are protected by French law, particularly articles 38, 39 and 40 of the Law 78-17 of the 6th January 1978 concerning data protection and privacy.<BR>Any dispute arising out of or related to the use of this Application shall be subject to the exclusive jurisdiction of French courts.<BR>CMA CGM Marseille Head Office, 4, quai d'Arenc 13235 Marseille cedex 02 France, Registration Number 562 024 422 Marseille;By accessing this CMA CGM Mobile Device Application (“Application”) on your mobile device, you accept, without limitation, the following legal conditions.<BR>CMA CGM may, at any time and without prior notice, modify these legal terms.<BR>By accessing this Application, you accept these modifications. You are therefore advised to check the legal terms regularly to be aware of the latest modifications.<BR>• CMA CGM may, at any time and without prior notice, change or update the Information contained in this Application as well as its services detailed therein. You should check this Application regularly, or contact our local office.<BR>• Unless otherwise specified, or in the case of press releases, all information, articles and pictures are protected by copyright and cannot be used without prior written agreement from CMA CGM.<BR>• In no case or no event, shall CMA CGM or any third party connected with CMA CGM, be liable for any direct or indirect damage, connected with or derived from accessing this Application and/or using the information contained therein.<BR>• By offering this service, CMA CGM intends to update it regularly. However no representation is made or warranty given (either express or implied) as to the completeness or accuracy of the information it contains.<BR>• By giving information through this Application, you agree that this information can be given to an interested party solely for sales purposes, and that CMA CGM will not be liable for any direct or indirect loss arising from wrong or unjustified transferal of information to a third party, nor for the unauthorized access of any third party to this information. Equally, CMA CGM will not be liable for any inaccurate or confidential information provided in the framework of this service.<BR>• Any data, comment and/or suggestion that each User contributes to this Application will become the property of CMA CGM and may be used, without restriction, within the scope of the CMA CGM Group's activities. These comments and/or suggestions will not be treated as confidential.<BR>• CMA CGM measures use of this Application. We record your IP address, your device manufacturer and model, and your device operating system version. This data doesn’t allow identifying personals. Only forms you decide to fill are transmitted to CMA CGM.<BR>• In no case or no event, shall CMA CGM, its subsidiaries, affiliates, partners, agents, representatives, and any person involved in the elaboration of this Application, be liable for any decision made or action taken after consulting this Application, or for any direct or indirect loss, including but not limited to sales, loss of profit or information, incurred from accessing this Application and/or acting on the information contained therein.<BR>• CMA CGM will not be liable for any damage resulting from a virus on your mobile devise. Nor will it be liable for any damage resulting from unauthorized access by any third party to any information, data or access code contained in this Application.<BR>• Password protected areas of this Application are available exclusively to authorized people. Any unauthorized person accessing these areas will be prosecuted.<BR>• This Application is protected by French law. Any dispute arising in relation to its use will take place under French jurisdiction.<BR>• CMA CGM complies with the Office of Foreign Assets Control (OFAC) of the US Department of the Treasury program’s regarding economic and trade exchange involving an American entity. All details are available on the OFAC’s web site: http://www.treas.gov/offices/enforcement/ofac/.For any details, please contact CMA CGM Group’s Data Protection Officer: ho.dpo@cma-cgm.com.<BR>• This Application and its use are protected by French law, particularly articles 38, 39 and 40 of the Law 78-17 of the 6th January 1978 concerning data protection and privacy.<BR>Any dispute arising out of or related to the use of this Application shall be subject to the exclusive jurisdiction of French courts.<BR>CMA CGM Marseille Head Office, 4, quai d'Arenc 13235 Marseille cedex 02 France, Registration Number 562 024 422 Marseille;By accessing this CMA CGM Mobile Device Application (“Application”) on your mobile device, you accept, without limitation, the following legal conditions.<BR>CMA CGM may, at any time and without prior notice, modify these legal terms.<BR>By accessing this Application, you accept these modifications. You are therefore advised to check the legal terms regularly to be aware of the latest modifications.<BR>• CMA CGM may, at any time and without prior notice, change or update the Information contained in this Application as well as its services detailed therein. You should check this Application regularly, or contact our local office.<BR>• Unless otherwise specified, or in the case of press releases, all information, articles and pictures are protected by copyright and cannot be used without prior written agreement from CMA CGM.<BR>• In no case or no event, shall CMA CGM or any third party connected with CMA CGM, be liable for any direct or indirect damage, connected with or derived from accessing this Application and/or using the information contained therein.<BR>• By offering this service, CMA CGM intends to update it regularly. However no representation is made or warranty given (either express or implied) as to the completeness or accuracy of the information it contains.<BR>• By giving information through this Application, you agree that this information can be given to an interested party solely for sales purposes, and that CMA CGM will not be liable for any direct or indirect loss arising from wrong or unjustified transferal of information to a third party, nor for the unauthorized access of any third party to this information. Equally, CMA CGM will not be liable for any inaccurate or confidential information provided in the framework of this service.<BR>• Any data, comment and/or suggestion that each User contributes to this Application will become the property of CMA CGM and may be used, without restriction, within the scope of the CMA CGM Group's activities. These comments and/or suggestions will not be treated as confidential.<BR>• CMA CGM measures use of this Application. We record your IP address, your device manufacturer and model, and your device operating system version. This data doesn’t allow identifying personals. Only forms you decide to fill are transmitted to CMA CGM.<BR>• In no case or no event, shall CMA CGM, its subsidiaries, affiliates, partners, agents, representatives, and any person involved in the elaboration of this Application, be liable for any decision made or action taken after consulting this Application, or for any direct or indirect loss, including but not limited to sales, loss of profit or information, incurred from accessing this Application and/or acting on the information contained therein.<BR>• CMA CGM will not be liable for any damage resulting from a virus on your mobile devise. Nor will it be liable for any damage resulting from unauthorized access by any third party to any information, data or access code contained in this Application.<BR>• Password protected areas of this Application are available exclusively to authorized people. Any unauthorized person accessing these areas will be prosecuted.<BR>• This Application is protected by French law. Any dispute arising in relation to its use will take place under French jurisdiction.<BR>• CMA CGM complies with the Office of Foreign Assets Control (OFAC) of the US Department of the Treasury program’s regarding economic and trade exchange involving an American entity. All details are available on the OFAC’s web site: http://www.treas.gov/offices/enforcement/ofac/.For any details, please contact CMA CGM Group’s Data Protection Officer: ho.dpo@cma-cgm.com.<BR>• This Application and its use are protected by French law, particularly articles 38, 39 and 40 of the Law 78-17 of the 6th January 1978 concerning data protection and privacy.<BR>Any dispute arising out of or related to the use of this Application shall be subject to the exclusive jurisdiction of French courts.<BR>CMA CGM Marseille Head Office, 4, quai d'Arenc 13235 Marseille cedex 02 France, Registration Number 562 024 422 Marseille;By accessing this CMA CGM Mobile Device Application (“Application”) on your mobile device, you accept, without limitation, the following legal conditions.<BR>CMA CGM may, at any time and without prior notice, modify these legal terms.<BR>By accessing this Application, you accept these modifications. You are therefore advised to check the legal terms regularly to be aware of the latest modifications.<BR>• CMA CGM may, at any time and without prior notice, change or update the Information contained in this Application as well as its services detailed therein. You should check this Application regularly, or contact our local office.<BR>• Unless otherwise specified, or in the case of press releases, all information, articles and pictures are protected by copyright and cannot be used without prior written agreement from CMA CGM.<BR>• In no case or no event, shall CMA CGM or any third party connected with CMA CGM, be liable for any direct or indirect damage, connected with or derived from accessing this Application and/or using the information contained therein.<BR>• By offering this service, CMA CGM intends to update it regularly. However no representation is made or warranty given (either express or implied) as to the completeness or accuracy of the information it contains.<BR>• By giving information through this Application, you agree that this information can be given to an interested party solely for sales purposes, and that CMA CGM will not be liable for any direct or indirect loss arising from wrong or unjustified transferal of information to a third party, nor for the unauthorized access of any third party to this information. Equally, CMA CGM will not be liable for any inaccurate or confidential information provided in the framework of this service.<BR>• Any data, comment and/or suggestion that each User contributes to this Application will become the property of CMA CGM and may be used, without restriction, within the scope of the CMA CGM Group's activities. These comments and/or suggestions will not be treated as confidential.<BR>• CMA CGM measures use of this Application. We record your IP address, your device manufacturer and model, and your device operating system version. This data doesn’t allow identifying personals. Only forms you decide to fill are transmitted to CMA CGM.<BR>• In no case or no event, shall CMA CGM, its subsidiaries, affiliates, partners, agents, representatives, and any person involved in the elaboration of this Application, be liable for any decision made or action taken after consulting this Application, or for any direct or indirect loss, including but not limited to sales, loss of profit or information, incurred from accessing this Application and/or acting on the information contained therein.<BR>• CMA CGM will not be liable for any damage resulting from a virus on your mobile devise. Nor will it be liable for any damage resulting from unauthorized access by any third party to any information, data or access code contained in this Application.<BR>• Password protected areas of this Application are available exclusively to authorized people. Any unauthorized person accessing these areas will be prosecuted.<BR>• This Application is protected by French law. Any dispute arising in relation to its use will take place under French jurisdiction.<BR>• CMA CGM complies with the Office of Foreign Assets Control (OFAC) of the US Department of the Treasury program’s regarding economic and trade exchange involving an American entity. All details are available on the OFAC’s web site: http://www.treas.gov/offices/enforcement/ofac/.For any details, please contact CMA CGM Group’s Data Protection Officer: ho.dpo@cma-cgm.com.<BR>• This Application and its use are protected by French law, particularly articles 38, 39 and 40 of the Law 78-17 of the 6th January 1978 concerning data protection and privacy.<BR>Any dispute arising out of or related to the use of this Application shall be subject to the exclusive jurisdiction of French courts.<BR>CMA CGM Marseille Head Office, 4, quai d'Arenc 13235 Marseille cedex 02 France, Registration Number 562 024 422 Marseille
settings;labelSettingsCMAadd1;Label_CMACGMMarseilleHeadOffice;CMA CGM Marseille Head Office;CMA CGM Marseille Siège Social;CMA CGM Marseille Head Office;CMA CGM Marseille Matriz;CMA CGM Marseille Head Office
settings;labelSettingsCMAadd2;Label_CMACGMHOAddress1;4, quai d'Arenc;4, quai d'Arenc;4, quai d'Arenc;4, quai d'Arenc;4, quai d'Arenc
settings;labelSettingsCMAadd3;Label_CMACGMHOAddress2;13235 Marseille cedex 02 France;13235 Marseille cedex 02 France;13235 Marseille cedex 02 France;13235 Marseille cedex 02 France;13235 Marseille cedex 02 France
settings;labelSettingsLegelHeader;Label_LegalTerms;Legal Terms;Mentions légales;法律条款;Termos Legais;Aviso legal
settings;labelSettingsFollowus;Label_FollowUs;Follow us;Suivez nous;关注我们;Siga-nos;Síganos
settings;labelFb;Label_Facebook;Facebook;Facebook;Facebook;Facebook;Facebook
settings;labelTwit;Label_Twitter;Twitter;Twitter;Twitter;Twitter;Twitter
settings;labelSettingsAbout;Label_About;About;A propos de;关于;Sobre;Sobre la aplicación
settings;langLabel ;Label_Language;Choose your language;Changer la langue;选择语言;Selecione um idioma;Seleccione un idioma
settings;appVersionCSmart ;Label_AppVersion;App version;Version App;应用程序版本;Versão App;Versión
common;routing;Label_Routing;Routing;Routing;航线;Rota;Routing
settings;helpPageInputCompanyName;BKGCompanyName;Company name;Nom du client;公司名称;Nome da Empresa*;Nombre de la compañía
help;labelSubtopicHeader;Label_Sub-Topic;Sub-Topic;Sous-catégorie;次主题;Sub-Tópico;Apartado
help;labelTopicHeader;Label_Topic;Topic;Catégorie;主题;Tópico;Tema
help-topic;topic1;Label_AboutCMACGMApplication;About CMA CGM mobile application;A propos de l'application mobile CMA CGM;关于 CMA CGM 移动应用程序;Sobre o aplicativo para celular da CMA CGM;Sobre la aplicación móvil de CMA CGM
help-topic;topic2;Title_ContainerTracking;Container Tracking;Suivi de conteneurs;货柜追踪;Rastreamento de Containers;Tracking de contenedores
help-topic;topic3;eBusiness_Schedules;Schedules;Horaires;时间表;Programação;Schedules
help-subtopic;subtopic_technical_issue_mobile_app;Status_FaqCategory_TechnicalIssues;Technical Issues;Problèmes techniques;技术问题;Problemas técnicos;Incidencias técnicas
help-subtopic;subtopic_improvement_suggestion_mobile_app;Select_SubtopicImprovementSuggestion;Improvement suggestion;Proposition d'amélioration;改进建议;Sugestão de Melhoramento;Sugerencias de mejora
help-subtopic;subtopic_other_question_or_suggestion_mobile_app;Select_SubtopicOtherQuestionSuggestion;Other question or suggestion;Autres questions ou suggestions;其他问题或建议;Outras questões ou sugestões;Otras preguntas o sugerencias
help-subtopic;subtopic_estimated_time_of_arrival;Label_EstimatedTimeArrival;Estimated Time of Arrival;Heure d'arrivée estimée;预计到港时间;Data Estimada de Chegada;ETA
help-subtopic;subtopic_transhipment_details;Select_SubtopicTranshipmentDetails;Transhipment Details;Détail du Transbordement;中转详情;Detalhes de transbordo;Detalles de transbordo
help-subtopic;subtopic_container_status;Label_ContainerStatus;Container Status;Statut du conteneur;货柜状态;Status do Container;Estatus
help-subtopic;subtopic_vessel_name;Select_SubtopicVesselName;Vessel Name;Nom du navire;船名;Nome do Navio;Nombre del buque
help-subtopic;subtopic_delay_transit_time;Select_SubtopicDelayTransitTime;Delay Transit time;Délai / Transit Time;运输延误;Atraso no Tempo de Trânsito;Retraso en el tiempo de tránsito
help-subtopic;subtopic_tracking_events;Select_SubtopicTrackingEvents;Tracking events;Evénements tracking;事件追踪;Eventos do Rastreamento;Eventos del tracking
help-subtopic;subtopic_other_question_container;Select_SubtopicOtherQuestion;Other question;Autres questions;其他问题;Outras questões;Otras preguntas
help-subtopic;subtopic_routing_finder;eBusiness_Schedules_RoutingFinder;Routing Finder;Calcul d'Itinéraire;航线查找;Localizador de Rota;Routing finder
help-subtopic;subtopic_port_to_port;Select_SubtopicPortToPort;Port to port;Horaires par port;港口到港口;Porto à porto;Port to Port
help-subtopic;subtopic_vessel_finder;Select_SubtopicVesselFinder;Vessel finder;Recheche de navire;船名搜寻;Buscar Navio;Buscador de buques
help-subtopic;subtopic_other_question_schedules;Select_SubtopicOtherQuestion;Other question;Autres questions;其他问题;Outras questões;Otras preguntas
container-tracking;containerinfoText;Label_Information;Information;Information;资讯;Informação;Información
container-tracking;conatinerinfoLocation;Label_From;From;A partir du;从;De;Desde
container-tracking;toContainerInfo;Label_To;To;A;到;Para;Hacia
share;TEXT_SUB_SINGLE_CONTAINER;Label_FollowUpTrackingOfContainer;Follow up tracking of Container;Suivre le tracking du conteneur;跟进追踪集装箱;Acompanhar rastreamento do Container;Tracking de contenedores
share;TEXT_SUB_MULTI_CONTAINER;Label_FollowUpTracking;Follow up tracking for;Suivre le tracking pour;跟进追踪;Acompanhar rastreamento para;Tracking de
share;TEXT_Hi;Label_TrackingContainerShare;Hi,;Bonjour,;您好,;Oí,;Hola,
share;TEXT_LN1;Label_IThoughtYouLikeToFollowUpTracking;I thought you'd like to follow up tracking of;Je pensais que vous souhaitiez suivre le tracking de;如果你想跟进追踪;Achei que você gostaria de acompanhar o rastreamento do;Pensábamos que quería realizar el tracking de
share;TEXT_LN2;Label_ForMoreInfo;For more info;Pour plus d'informations;想要了解更多信息;Para mais informações;Para más información
share;TEXT_CRL;Label_ContainerResultList;Container results list;Liste de résultats de conteneurs;集装箱结果列表;Resultado da lista de container;Resultados de contenedores
share;TEXT_FROM;Label_From;From;A partir du;从;De;Desde
share;TEXT_LOADING;Label_LoadingIn;Loading in;Chargé à;起运;Embarque em;Cargando en
share;TEXT_DISCHARGING;Label_DischargingIn;Discharging in;Déchargeant à;卸载;Descarga em;Descargando en
share;TEXT_TO;Label_Destination;Destination;Destination;目的地;Destino;Lugar de destino
share;TEXT_CURRENTMOVE;Label_CurrentMove;Current move;Mouvement actuel;当前移动;Movimentação Atual;Movimiento en curso
share;TEXT_PROVISIONALMOVE;Label_ProvisionalMove;Provisional move;Mouvements prévisionnels;临时线路;Movimentaҫão Provisoria;Movimiento provisional
share;TEXT_PASTMOVE;Label_PastMove;Past move;Mouvement effectué;过去的移动;Movimentação passada;Movimiento realizado
share;TEXT_FTLN1;Label_TrackYourShipmentsAndConsultOurSchedules;Track your shipments and consult our schedules on your smartphone, thanks to our application!;Grâce à notre application, suivez vos chargements et consultez nos horaires sur votre smartphone !;我们的应用程序让你在智能手机上追踪您的货物，并咨询我们的时间表！;Rastreie os seus embarques e programações e consulte em seu smartphone, graças à nossa aplicação!;¡Realice el seguimiento de sus embarques o consulte nuestros schedules en su smartphone con nuestra aplicación!
share;TEXT_FTLN2;Label_CMACGMAvailableOnStore;CMA CGM available on Apple App Store and Google Play;CMA CGM disponible sur Apple App Store et Google Play;CMA CGM 应用程序可在Apple App Store 和Google Play 下载;CMA CGM disponível em Apple App Store e Google Play;La aplicación móvil de CMA CGM está disponible en Apple App Store y Google Play
bookmarks;labelBookmarksHeader;Label_Bookmarks;Bookmarks;Favoris;书签;Bookmarks;Favoritos
bookmarks;trackingTab;Select_SubtopicTracking;Tracking;Suivi;追踪;Rastreamento;Tracking
bookmarks;voyageTab;Label_Voyage;Voyage;Voyage;航次;Viagem;Viaje
bookmarks;scheduleTab;Label_Routing;Routing;Routing;航线;Rota;Routing
more;labelSettingsContact,headerTextContact;Label_Contact;Contact;Contact;联系;Contato;Contacto
msg;ER_TEXT_5;Label_LabelFormatError;Format error;Format incorrect;格式错误;Formato inválido;Error de formato
msg;ER_TEXT_3;Label_LabelError;Error;Erreur;错误;Erro;Error
msg;ER_TEXT_4;Label_CMACGMApplicationIsNotAvailable;CMA CGM Application is not available now. Please try later or consult our website www.cma-cgm.com;L'application CMA CGM n'est pas disponible actuellement. Merci d'essayer ultérieurement ou consultez notre site web cma-cgm.com;CMA CGM 应用程序无法使用。请稍后再试或者查询我们网站www.cma-cgm.com;O aplicativo da CMA CGM não está disponível agora. Por favor tente mais tarde ou consulte o nosso website www.cma-cgm.com;La aplicación de CMA CGM no está disponible en este momento. Gracias por intentarlo más tarde o consultar nuestra página web www.cma-cgm.com
msg;ER_TEXT_16;Label_LabelAlert;Alert;Alerte;警告;Alerta;Alerta
msg;ER_TEXT_9;Label_MsgMessageSent;Message sent;Message envoyé;发送信息;Mensagem enviada;Mensaje enviado
msg;ER_TEXT_10;Label_MsgMessageSuccessfullySent;Your message has been successfully sent. CMA CGM will contact you by email soon;Votre message a été envoyé avec succès. CMA CGM vous contactera par email prochainement.;您的消息已经成功发送。达飞集团将会通过邮件联系您;Sua mensagem foi enviada com sucesso. A CMA-CGM contatará você por email em breve;Su mensaje ha sido enviado con éxito. CMA CGM le contactará en breve por correo electrónico
msg;ER_TEXT_11;Label_ErrorContactForm;Contact Form Error;Erreur Formulaire de Contact;联系方式错误;Formato de Contato Inválido;Error en el formulario de contacto
msg;ER_TEXT_14;Label_NoNetworkDetected;No network detected. Please verify your network connection.;Pas de réseau détecté. Merci de vérifier votre connexion réseau.;寻找不到网络。请检查您的网络连接。;Sem rede detectada. Por favor, verifique sua conexão de rede.;No se ha detectado ninguna conexión. Gracias por verificar si dispone de alguna conexión.
msg;ER_TEXT_17;Label_MsgMaximumBookmarksReached;Maximum of 10 searches can be bookmarked;10 recherches maximum peuvent être marquées en tant que favoris;最多可用十个搜索标签;Podem ser marcadas no máximo 10 buscas;Pueden ser almacenadas un máximo de 10 búsquedas
msg;ER_TEXT_18;Label_ErrorWrongEmailFormat;Wrong email format, please check the value;Mauvais format d'email, merci de vérifier;错误的邮件格式，请检查;Formato de email inválido, por favor verifique;Formato de correo electrónico no válido. Por favor cheque la información introducida
container-tracking;labelProvisionalMovesNotFound;Label_LabelProvisionalMovesNotFound;Provisional moves not found, please feel free to use Contact Support link for more information;Nous n'avons pas trouvé de mouvements prévisionnels, vous pouvez contacter le Support Client pour plus d'informations;动态暂时未能找到，请使用链接联系技术支持以获得更多的信息。;Não foram encontrados movimientos provisórios. Por favor, contate o Suporte ao Cliente se necessitar de mais informacões.;No se han encontrado movimientos provisionales. Por favor, contacte a nuestro equipo de Soporte en el link propuesto para más información
container-tracking;containerInfo;Label_ContainerInformation;Container Information;Information Conteneur;资讯 集装箱;Container Informação;Contenedor Información
share;TEXT_SUB_FROM;Label_SolutionFrom;Solution From;Solution de;解决方案;Solução desde;Solución desde
share;TEXT_SUB_TO;Label_To; to;A;到;Para;Hacia
share;TEXT_CMAURLMSG;Label_IThoughtYouDBeInterestedByTheFollowingSolution;I thought you'd be interested by the following solution on http://www.cma-cgm.com;Vous pourriez être intéressé par la solution suivante disponible sur http://www.cma-cgm.com;我想您需要在 http://www.cma-cgm.com上的解决方案;Acreditamos que você pode estar interessado na seguinte solução, no http://www.cma-cgm.com;Pensamos que estaría interesado en la siguiente solución en http://www.cma-cgm.com
share;TEXT_BETWEEN;Label_Between;Between;Entre;时间段;Entre;Entre
share;TEXT_AND;Label_And;and;et;和;e;y
share;TEXT_MOREINFO;Label_ForMoreInfo;For more info;Pour plus d'informations;想要了解更多信息;Para mais informações;Para más información
share;TEXT_DAYS;Label_Days;DAYS;Jours;天;Dias;Días
share;TEXT_DEPARTURE;Label_Departure;Departure;Départ;离港时间;Saída;Salida
share;TEXT_CUTOFF;Label_Cutoff;Cutoff;Cutoff;截关;Deadline;Cierre
share;TEXT_SERVICE;Label_Service;Service;Service;服务;Serviço;Servicio
share;TEXT_VESSEL;Label_Vessel; Vessel;Navire;船名;Navio;Buque
share;TEXT_VOYAGE_REF;Label_VoyageRef; Voyage Ref.;Réf. voyage;航次;Número voyage;Número de viaje
share;TEXT_ON_CMACGM;Label_OnCmaCgmCom;on cma-cgm.com;sur cma-cgm.com;在cma-cgm.com;na cma-cgm.com;en cma-cgm.com
share;TEXT_ARRIVAL;Label_Arrival;Arrival;Arrivée;到港时间;Chegada;Llegada
share;TEXT_VOYAGE;Label_Voyage; Voyage;Voyage;航次;Viagem;Viaje
share;TEXT_VOAYGECMAURL;Label_IThoughtYouDBeInterestedInThisVoyage;I thought you'd be interested in this Voyage on http://www.cma-cgm.com;Vous pourriez être intéressé par ce Voyage disponible sur http://www.cma-cgm.com;我想您需要在http://www.cma-cgm.com上的航次;Acreditamos que você pode estar interessado nesta viagem, no http://www.cma-cgm.com;Pensamos que estaría interesado en este viaje en http://www.cma-cgm.com
share;TEXT_VOYAGE_REFERENCE;Label_VoyageReference;Voyage reference;Numéro de voyage;航次参考号;Referência(s) da Viagem;Número de viaje
share;TEXT_PAST_CALL;Label_PastCall;Past call;Escale précédente;过往停靠;Escala Passada;Escala anterior
share;TEXT_FUTURE_CALL;Label_FutureCall;Future call;Prochaine escale;即将停靠;Escala Futura;Próxima escala
share;TEXT_CURRENT_CALL;Label_CurrentCall;Current call;Escale en cours;当前电话;Escala atual;Escala actual
share;TEXT_SAIL;Label_Sail;Sail;Départ;起航时间;Saida;Salida
voyage;voyageFinderVoyageTab;Label_Voyage;Voyage;Voyage;航次;Viagem;Viaje
voyage;voyageFinderVesselTab;Label_Vessel;Vessel;Navire;船名;Navio;Buque
voyage;voyagePreviousTab;Label_PreviousSearches;Previous searches;Recherches précédentes;上一个搜索;Pesquisas Anteriores;Búsquedas anteriores
voyage;voyageBookmarkTab;Label_Bookmarks;Bookmarks;Favoris;书签;Bookmarks;Favoritos
voyage;vesselPreviousTab;Label_PreviousSearches;Previous searches;Recherches précédentes;上一个搜索;Pesquisas Anteriores;Búsquedas anteriores
voyage;vesselBookmarkTab;Label_Bookmarks;Bookmarks;Favoris;书签;Bookmarks;Favoritos
voyage;vd_past_call;Label_PastCall; PAST CALL;Escale précédente;过往停靠;Escala Passada;Escala anterior
voyage;vd_future_call;Label_FutureCall;FUTURE CALL;Prochaine escale;即将停靠;Escala Futura;Próxima escala
routing;routing_details_fastsearch_page_title;Label_Routing;Routing;Routing;航线;Rota;Routing
routing;routing_fs_page_cancel;Label_Cancel;Cancel;Annuler;取消;cancelar;cancelar
routing;routing_details_browselabel1;Label_Browse; Browse;Naviguer;浏览;Navegar;Navegar
routing;routing_details_browselabel2;Label_Browse;Browse;Naviguer;浏览;Navegar;Navegar
routing;routing_details_countryid1;Label_SelectACountry;Select a Country;Sélectionner un pays;选择一个国家;Selecionar um país;Seleccionar un país
routing;routing_details_countryid2;Label_SelectACountry;Select a Country;Sélectionner un pays;选择一个国家;Selecionar um país;Seleccionar un país
routing;routing_deatils_placeid1;Label_ChooseAPlace;Choose a Place;Choisir un lieu;选择一个地点;Escolha um Local;Seleccione un lugar.
routing;routing_deatils_placeid2;Label_ChooseAPlace;Choose a Place;Choisir un lieu;选择一个地点;Escolha um Local;Seleccione un lugar.
routing;routing_deatils_search;Label_SearchOn;Search on;Chercher sur;搜索;Pesquisar em;Buscar en
routing;routing_deatils_from;Label_From;From;A partir du;从;De;Desde
routing;routing_deatils_next;Label_Next;Next;Suivant;未来;Próximo;Siguiente
routing;routing_details_morefilterbtn;Label_MoreFilter;More filter;Plus de filtres;更多筛选;Mais filtros;Más filtros
routing;routing_details_hidefilterbtn;Label_HideFilter;Hide filter;Masquer Filtre;隐藏筛选;Esconder filtro;Esconder filtro
routing;routing_fs_filter;Label_Filter;FILTER;Filtre;筛选;Filtrar;Filtrar
routing;labelWeekHeader;Label_SelectWeek;Select Week;Sélectionner une semaine;选择周;Selecionar semana;Seleccionar semana
routing;morefilterbtn;Label_MoreFilter;More Filter;Plus de filtres;更多筛选;Mais filtros;Más filtros
routing;headerText_routing_result;Label_Routing;Routing;Routing;航线;Rota;Routing
routing;settingsLanguageHeader;Label_Settings;Settings;Paramètres;设定;Informações;Parámetros
routing;routeloading,autocomplete;Label_PlaceOfLoading;Place of Loading;Lieu de Chargement;起运港;Porto de Embarque;Lugar de carga
routing;routedischarge,autocomplete1;Label_PlaceOfDischarge;Place of Discharge;Lieu de Déchargement;卸货港;Porto de Descarga;Lugar de descarga
routing;browselabel1;Label_Browse;Browse;Naviguer;浏览;Navegar;Navegar
routing;browselabel2;Label_Browse;Browse;Naviguer;浏览;Navegar;Navegar
routing;lessfilterbtn;Label_HideFilter;Hide Filter;Masquer Filtre;隐藏筛选;Esconder filtro;Esconder filtro
routing;searchbtn;Label_Search;Search;Rechercher;搜索;Pesquisar;Buscar
routing;countryid1;Label_Country;Country;Pays;国家;País;País
routing;countryid2;Label_Country;Country;Pays;国家;País;País
routing;placeid1;Label_City;City;Ville;城市;Cidade;Localidad
routing;placeid2;Label_City;City;Ville;城市;Cidade;Localidad
routing;search;Label_SearchOn;Search on;Chercher sur;搜索;Pesquisar em;Buscar en
routing;from;Label_From;From;A partir du;从;De;Desde
routing;next,vd_nextBtn;Label_Next;Next;Suivant;未来;Próximo;Siguiente
routing;search1;Label_Arrival;Arrival;Arrivée;到港时间;Chegada;Llegada
routing;search2;Label_Departure;Departure;Départ;离港时间;Saída;Salida
routing;labelSearchHeader;Label_Search;Search;Rechercher;搜索;Pesquisar;Buscar
routing;labelWeekHeader;Label_SelectWeek;Select Week;Sélectionner une semaine;选择周;Selecionar semana;Seleccionar semana
routing;week1;Label_Week1;1 Week;1 Semaine;1 星期;1 Semana;1 Semana
routing;week2;Label_Week2;2 Weeks;2 Semaines;2 星期;2 Semanas;2 Semanas
routing;week3;Label_Week3;3 Weeks;3 Semaines;3 星期;3 Semanas;3 Semanas
msg;ER_TEXT_VD1;Label_AnyScheduleAboveIsTheEstimatedSchedule;Any Schedule above is the estimated schedule which shall be subject to change.;Les schedules ci dessus sont prévisionnels et peuvent subir des changements.;以上这些船期只是预估船期，稍后会有更新。;Qualquer programação é uma estimativa, sujeita a alterações sem aviso prévio.;Cualquier schedule anterior es estimado y  puede estar sujeto a modificaciones.
msg;ER_TEXT_VD2;Label_TimesReflectedAreLocalTimes;Times reflected are local times.;Les horaires affichées sont des horaires locales;所反映的时间为当地时间;Datas indicadas em horário local;Fecha/hora indicadas en hora local.
msg;ER_TEXT_TR;Label_TheTerminalDetailsContact;The terminal details contact provided here are collected and updated by the carrier in its own system;Le détail des contacts des terminaux fournis sont collectés et mis à jour par le carrier dans son propre système;这里所提供的码头信息是从承运人的系统中获得和更新的;Os detalhes de terminais de contato fornecidas aqui são coletadas e atualizadas pelo carrier no seu próprio sistema;Los datos de contacto de la terminal que aquí se recogen los proporciona y actualiza la naviera en su propio sistema.
msg;ER_TEXT_TR1;Label_TheAccuracyIsNotGuaranteed;The accuracy is not guranteed,If you notice incorrect information ,Please ;L'exactitude des données n'est pas garantie. Si vous notez une information incorrecte, merci;我们不能完全保证信息准确，如果您发现错误信息，请;A plena exatidão dos dados não está garantida. Se você identificar alguma informação incorreta, por favor;La plena exactitud de los datos no está garantizada. Si identifica alguna información incorrecta, por favor
voyage;vd_cutoff;Label_Cutoff;Cutoff;Cutoff;截关;Deadline;Cierre
voyage;vd_arrival;Label_Arrival;Arrival;Arrivée;到港时间;Chegada;Llegada
voyage;vd_sail;Label_Sail;Sail;Départ;起航时间;Saida;Salida
voyage;vd-terminalBtn-current,displayTerminal;Label_Terminal;Terminal;Terminal;码头;Terminal;Terminal
voyage;vd-terminalBtn-future;Label_Terminal;Terminal;Terminal;码头;Terminal;Terminal
voyage;vd-terminalBtn-past;Label_Terminal;Terminal;Terminal;码头;Terminal;Terminal
voyage;vd_fastsearch_header_text,vd_header_text,headerText_voyage2,vd_fastsearch_title,headerText_vd;Label_VoyageFinder;Voyage Finder;Recherche d'un Voyage;航次查找器;Buscar Viagem;Buscador de viajes
voyage;vd_fastsearch_voyage_tab;Label_Voyage;Voyage;Voyage;航次;Viagem;Viaje
voyage;vd_fastsearch_vessel_tab;Label_Vessel;Vessel;Navire;船名;Navio;Buque
voyage;vf-voyage-search-text;;Ex: Voyage reference;#N/A;#N/A;#N/A;#N/A
voyage;vesselautocomplete;;Ex: Vessel Name;#N/A;#N/A;#N/A;#N/A
routing;rd_schedule;Label_Schedule;Schedule;Horaire;时间表;Programação;Schedule
routing;rd_days;Label_Days;DAYS;Jours;天;Dias;Días
routing;rd_from;Label_From;From;A partir du;从;De;Desde
routing;rd_departure;Label_Departure;Departure;Départ;离港时间;Saída;Salida
routing;rd_arrival;Label_Arrival;Arrival;Arrivée;到港时间;Chegada;Llegada
routing;rd_cutoff;Label_Cutoff;Cutoff;Cutoff;截关;Deadline;Cierre
routing;rd_service;Label_Service;Service;Service;服务;Serviço;Servicio
routing;rd_vessel;Label_Vessel;Vessel;Navire;船名;Navio;Buque
routing;rd_voyage_ref;Label_VoyageRef;Voyage Ref.;Réf. voyage;航次;Número voyage;Número de viaje
routing;rd_via;Label_Via;Via;Via;通过;Vía;Vía
routing;rd_to;Label_To;To;A;到;Para;Hacia
msg;ER_TEXT_VF_NOVOYAGE;MsgInf_NoInformationForThisVoyage;No information for this voyage;#N/A;#N/A;#N/A;#N/A
container-tracking;destinationLabel;Label_Destination;Destination;Destination;目的地;Destino;Lugar de destino
container-tracking;placeOfLodingLabel;Label_PortOfLoading;Port of Loading;Port de chargement;起运港;Porto de Embarque;Puerto de carga
msg;ER_TEXT_MANDATORY;MsgWrn_PleaseEnterASearchValue;Please enter a search value.;Entrez une valeur pour votre recherche.;请输入搜索条件;Por favor insira um valor para busca;Por favor, introduzca un valor para la búsqueda.
msg;ER_TEXT_VESSEL_INVALID;MsgWrn_VesselNameIsNotValid;Vessel name is not valid. Please check it.;Ce nom de navire est invalide. Veuillez vérifier s'il vous plait.;船名错误。请检查。;O nome do návio não é válido. Por favor checar.;El nombre del buque no es válido. Por favor, compruébelo.
msg;ER_TEXT_RER_INVALID;MsgErr_ReferenceIsNotValid;Reference is not valid. Please check it.;La référence n'est pas valide. Merci de vérifier.;参考号码是无效的。请检查;Referência não é valida. Por favor verificar;Referencia no válida. Por favor comprobar
common;containers;Label_Containers;Containers;Conteneurs;货柜;Containers;Contenedores
common;toolbarhelp,help_android;Label_Contact;Contact;Contact;联系;Contato;Contacto
common;toolbarshare;Label_Share;Share;Partager;分享;Compartilhar;Compartir
common;loading;Label_Loading;Loading;Chargement;加载中;Carregando;Cargando
msg;ER_TEXT_NORESULT;Label_NoResultsPleaseTryANewSearch;No results. Please try a new search.;Pas de résultats. Merci d'essayer une nouvelle recherche.;没有结果。请尝试一个新的搜索。;Sem resultados. Por favor, tente uma nova pesquisa.;No se han encontrado resultados. Gracias por intentar una nueva búsqueda.
msg;ER_TOPIC_INVALID;Select_SelectTopic;Select a Topic.;Choisir une catégorie;选择主题;Selecione um topico;Seleccionar un tema
voyage;headerText_termianal2,TerminalSearchHeader;Label_TerminalDetails;Terminal Details;Info Terminal;码头详情;Detalhes do Terminal;Detalles de la terminal
routing;routing_solution;Label_Solution;Solution;Solution;解决方案;Solução;Solución
Terminal;phone;Label_Phone;Phone;Téléphone;电话;Fone;Teléfono
Terminal;na;Label_NA;N/A;N/A;不适用;N/A;N/A
msg;ER_TEXT_1_NEW;MsgErr_NotFoundOrAlreadyUnst;not found or Container already unstuffed or returned to the depot, please contact Customer Service for further information.;non trouvé, déjà vidé ou retourné au dépôt, merci de contacter le service client pour plus d'informations.;未能找到或已卸货或已还柜，请联系客服。;não encontrado ou já desestufado ou devolvido ao depot, por favor, entre em contato com Atendimento ao Cliente para mais informações.;Contenedor no encontrado, vaciado o retornado al depot. Por favor contacte con el equipo de Customer Service para más información.
help;helpPageSend;Label_Send;SEND;Envoyer;发送;Enviar;Enviar
terminal;termnal_contactus;PageLabel_ContactUsTerminal;contact us;nous contacter;联系我们;contacte-nos;contáctenos
bookmarks;dataTabContainer1,dataTabContainer2,dataTabContainer3;Label_NoBookmark;No Bookmarks;Pas de favoris;没有书签;Não há favoritos;No hay marcadores guardados
common;placeOfDischargeLabel;Label_POD;Port Of Discharge;Port de Déchargement;卸货港;Porto de Descarga;Puerto de descarga
